<?xml version="1.0"?>
<!--
  Licensed to the Apache Software Foundation (ASF) under one or more
  contributor license agreements.  See the NOTICE file distributed with
  this work for additional information regarding copyright ownership.
  The ASF licenses this file to You under the Apache License, Version 2.0
  (the "License"); you may not use this file except in compliance with
  the License.  You may obtain a copy of the License at

      http://www.apache.org/licenses/LICENSE-2.0

  Unless required by applicable law or agreed to in writing, software
  distributed under the License is distributed on an "AS IS" BASIS,
  WITHOUT WARRANTIES OR CONDITIONS OF ANY KIND, either express or implied.
  See the License for the specific language governing permissions and
  limitations under the License.
-->
<!DOCTYPE document [
  <!ENTITY project SYSTEM "project.xml">
]>
<document url="startup.html">

  &project;

  <properties>
    <author email="yoavs@apache.org">Yoav Shapira</author>
    <title>Startup</title>
  </properties>

<body>


<section name="Server Startup">

<p>
This page describes how the Tomcat server starts up.  There are several
different ways to start tomcat, including:
<ul>
  <li>From the command line.</li>
  <li>From a Java program as an embedded server.</li>
  <li>Automatically as a Windows service.</li>
</ul>
</p>

<subsection name="description">
<p>
A text description of the startup procedure is available
<a href="startup/serverStartup.txt">here.</a>
</p>
</subsection>

<subsection name="diagram">
<p>
A UML sequence diagram of the startup procedure is available
<a href="startup/serverStartup.pdf">here.</a>
</p>
</subsection>

<subsection name="comments">
<p>
The startup process can be customized in many ways, both
by modifying Tomcat code and by implementing your own
LifecycleListeners which are then registered in the server.xml
configuration file.
</p>

</subsection>

</section>


</body>
</document>
